<?xml version="1.0" encoding="UTF-8"?>
<project-private xmlns="http://www.netbeans.org/ns/project-private/1">
    <editor-bookmarks xmlns="http://www.netbeans.org/ns/editor-bookmarks/2" lastBookmarkId="0"/>
    <open-files xmlns="http://www.netbeans.org/ns/projectui-open-files/2">
        <group>
            <file>file:/C:/Users/User/Desktop/csapp%20project/last2_10_68/CSFlaverApp/CSFlaverApp/src/UI_2_Menu/Designdessert.java</file>
            <file>file:/C:/Users/User/Desktop/csapp%20project/last2_10_68/CSFlaverApp/CSFlaverApp/src/UI_2_Menu/noodles.java</file>
            <file>file:/C:/Users/User/Desktop/csapp%20project/last2_10_68/CSFlaverApp/CSFlaverApp/src/UI_2_Menu/dessert.java</file>
            <file>file:/C:/Users/User/Desktop/csapp%20project/last2_10_68/CSFlaverApp/CSFlaverApp/src/UI_2_Menu/drinks.java</file>
            <file>file:/C:/Users/User/Desktop/csapp%20project/last2_10_68/CSFlaverApp/CSFlaverApp/src/UI_2_Menu/Designrice.java</file>
            <file>file:/C:/Users/User/Desktop/csapp%20project/last2_10_68/CSFlaverApp/CSFlaverApp/src/UI_2_Menu/rice.java</file>
            <file>file:/C:/Users/User/Desktop/csapp%20project/last2_10_68/CSFlaverApp/CSFlaverApp/src/UI_2_Menu/Designspecial.java</file>
            <file>file:/C:/Users/User/Desktop/csapp%20project/last2_10_68/CSFlaverApp/CSFlaverApp/src/UI_2_Menu/Designnoodles.java</file>
        </group>
    </open-files>
</project-private>
