<?xml version="1.0" encoding="UTF-8"?>
<project-private xmlns="http://www.netbeans.org/ns/project-private/1">
    <editor-bookmarks xmlns="http://www.netbeans.org/ns/editor-bookmarks/2" lastBookmarkId="0"/>
    <open-files xmlns="http://www.netbeans.org/ns/projectui-open-files/2">
        <group>
            <file>file:/C:/Users/User/Desktop/csapp%20project/last30_09_68/CSFlaverApp/src/UI_1_Admin/Admin.java</file>
            <file>file:/C:/Users/User/Desktop/csapp%20project/last30_09_68/CSFlaverApp/src/UI_1_User/Signup.java</file>
            <file>file:/C:/Users/User/Desktop/csapp%20project/last30_09_68/CSFlaverApp/src/App/AppDerivery1.java</file>
            <file>file:/C:/Users/User/Desktop/csapp%20project/last30_09_68/CSFlaverApp/src/UI_2_Menu/rice.java</file>
            <file>file:/C:/Users/User/Desktop/csapp%20project/last30_09_68/CSFlaverApp/src/UI_1_Admin/Admin_order.java</file>
            <file>file:/C:/Users/User/Desktop/csapp%20project/last30_09_68/CSFlaverApp/src/UI_1_User/login.java</file>
            <file>file:/C:/Users/User/Desktop/csapp%20project/last30_09_68/CSFlaverApp/src/UI_3_Pay/Bill.java</file>
            <file>file:/C:/Users/User/Desktop/csapp%20project/last30_09_68/CSFlaverApp/src/UI_3_Pay/MyOrders.java</file>
            <file>file:/C:/Users/User/Desktop/csapp%20project/last30_09_68/CSFlaverApp/src/UI_2_Menu/Designdessert.java</file>
            <file>file:/C:/Users/User/Desktop/csapp%20project/last30_09_68/CSFlaverApp/src/UI_2_Menu/noodles.java</file>
            <file>file:/C:/Users/User/Desktop/csapp%20project/last30_09_68/CSFlaverApp/src/UI_2_Menu/Designnoodles.java</file>
            <file>file:/C:/Users/User/Desktop/csapp%20project/last30_09_68/CSFlaverApp/src/UI_2_Menu/Designdrinks.java</file>
            <file>file:/C:/Users/User/Desktop/csapp%20project/last30_09_68/CSFlaverApp/src/UI_2_Menu/Designrice.java</file>
            <file>file:/C:/Users/User/Desktop/csapp%20project/last30_09_68/CSFlaverApp/src/UI_3_Pay/Final.java</file>
            <file>file:/C:/Users/User/Desktop/csapp%20project/last30_09_68/CSFlaverApp/src/UI_3_Pay/Myprofile.java</file>
        </group>
    </open-files>
</project-private>
