<?xml version="1.0" encoding="UTF-8"?>
<project-private xmlns="http://www.netbeans.org/ns/project-private/1">
    <editor-bookmarks xmlns="http://www.netbeans.org/ns/editor-bookmarks/2" lastBookmarkId="0"/>
    <open-files xmlns="http://www.netbeans.org/ns/projectui-open-files/2">
        <group>
            <file>file:/C:/Users/User/Desktop/csapp%20project/last29_09_68/CSFlaverApp/src/App/AppDerivery1.java</file>
            <file>file:/C:/Users/User/Desktop/csapp%20project/last29_09_68/CSFlaverApp/src/datacsv/Filemenu.csv</file>
            <file>file:/C:/Users/User/Desktop/csapp%20project/last29_09_68/CSFlaverApp/src/datacsv/Fileuser.csv</file>
        </group>
    </open-files>
</project-private>
