<?xml version="1.0" encoding="UTF-8"?>
<project-private xmlns="http://www.netbeans.org/ns/project-private/1">
    <editor-bookmarks xmlns="http://www.netbeans.org/ns/editor-bookmarks/2" lastBookmarkId="0"/>
    <open-files xmlns="http://www.netbeans.org/ns/projectui-open-files/2">
        <group>
            <file>file:/E:/!%20Programming/Project/!NB_Delivery_App_miniproject-main/AppDerivery1/src/UI_2/rice.java</file>
            <file>file:/E:/!%20Programming/Project/!NB_Delivery_App_miniproject-main/AppDerivery1/src/UI_1_1/login.java</file>
            <file>file:/E:/!%20Programming/Project/!NB_Delivery_App_miniproject-main/AppDerivery1/src/UI_1_1/Signup.java</file>
            <file>file:/E:/!%20Programming/Project/!NB_Delivery_App_miniproject-main/AppDerivery1/src/appderivery1/AppDerivery1.java</file>
        </group>
    </open-files>
</project-private>
